id,address,suburb,sale_price,sale_date,property_type,bedrooms,bathrooms,car_spaces,property_size_m2
1,4/44-50 Thomas Street,Parramatta,720000,2026-09-16,Townhouse,2,1,1.0,128.0
2,2315/45 Macquarie Street,Parramatta,640000,2026-09-16,Apartment,2,2,1.0,
3,1/3 Stewart Street,Parramatta,570000,2026-09-16,Apartment,2,1,1.0,
4,641/180 George Street,Parramatta,600000,2026-09-16,Apartment,2,1,,
5,610/36-46 Cowper Street,Parramatta,575000,2026-09-14,Apartment,2,2,1.0,
6,2/16 Betts Street,Parramatta,660000,2026-09-12,Apartment,2,1,1.0,
7,1404/1-3 Valentine Avenue,Parramatta,320000,2026-09-11,Apartment,1,1,,
8,820K/2 Morton Street,Parramatta,650000,2026-09-11,Apartment,2,2,1.0,
9,15/12 Early Street,Parramatta,493000,2026-09-11,Apartment,2,1,1.0,
10,33/68 Great Western Highway,Parramatta,520000,2026-09-11,Apartment,2,1,1.0,
11,505/23 Hassall Street,Parramatta,660000,2026-09-09,Apartment,2,2,1.0,
12,89/459-463 Church Street,Parramatta,580000,2026-09-04,Apartment,2,2,1.0,
13,8/64-66 Great Western Highway,Parramatta,425000,2026-09-04,Apartment,1,1,1.0,
14,1702/45 Macquarie Street,Parramatta,705000,2026-09-04,Apartment,2,2,1.0,
15,15/1 Good Street,Parramatta,480000,2026-08-27,Apartment,2,1,1.0,
16,1417/32 Hunter Street,Parramatta,560000,2026-08-25,Apartment,1,1,1.0,
17,907/6-10 Charles Street,Parramatta,720000,2026-08-25,Apartment,3,2,1.0,
18,16L/15 Campbell Street,Parramatta,405000,2026-08-25,Apartment,1,1,1.0,
19,D603/1 Broughton Street,Parramatta,680000,2026-08-25,Apartment,2,2,1.0,
20,805/21 Hassall Street,Parramatta,410000,2026-08-24,Apartment,1,1,,
21,108/125-129 Arthur Street,Parramatta,653000,2026-08-21,Apartment,2,1,1.0,
22,219/88 Church Street,Parramatta,600000,2026-08-21,Apartment,1,1,1.0,
23,41/3 Good Street,Parramatta,641000,2026-08-21,Apartment,2,2,1.0,
24,33 Rosehill Street,Parramatta,2080000,2026-08-01,House,4,1,1.0,691.0
25,124 Thomas Street,Parramatta,2300000,2026-07-01,House,3,1,1.0,739.0
26,11 Pemberton Street,Parramatta,1610000,2026-07-01,House,3,1,1.0,461.6
27,51 Gore Street,Parramatta,1480000,2026-06-01,House,3,1,1.0,461.0
28,28 Marsden Street,Parramatta,1555000,2026-06-01,House,3,1,1.0,505.0
29,721/1-3 Valentine Avenue,Parramatta,250000,2026-06-01,Studio,0,1,,
30,199 Flushcombe Road,Blacktown,900000,2026-09-17,House,3,1,3.0,556.0
31,40 Stephen Street,Blacktown,1350000,2026-09-17,House,5,3,3.0,338.0
32,1 Huntley Drive,Blacktown,765000,2026-09-16,Townhouse,3,2,1.0,
33,6 Oregon Street,Blacktown,1105000,2026-09-16,House,3,1,3.0,739.0
34,25/8-10 Fourth Avenue,Blacktown,415000,2026-09-16,Apartment,2,1,1.0,109.0
35,17 St Pauls Way,Blacktown,828000,2026-09-15,Townhouse,3,2,1.0,
36,3/130 Newton Road,Blacktown,700000,2026-09-14,Townhouse,2,1,1.0,156.0
37,4 & 4A Joseph Street,Blacktown,1340000,2026-09-14,House,5,2,5.0,713.0
38,3/28 Frederick Street,Blacktown,732500,2026-09-14,Townhouse,2,1,1.0,
39,42 Burke Street,Blacktown,1260000,2026-09-11,House,5,3,6.0,
40,20/5-9 Fourth Avenue,Blacktown,441000,2026-09-10,Apartment,2,1,1.0,
41,36/2-4 Fourth Avenue,Blacktown,415000,2026-09-10,Apartment,2,1,1.0,
42,13/8-18 Wallace Street,Blacktown,463000,2026-09-09,Apartment,2,2,1.0,
43,9 Cardiff Street,Blacktown,1089000,2026-09-08,House,5,2,2.0,556.0
44,52 Balmoral Street,Blacktown,1300000,2026-09-08,House,4,1,1.0,696.0
45,9 Kirkman Road,Blacktown,1070000,2026-09-03,House,4,1,2.0,638.0
46,11/130 Main Street,Blacktown,375000,2026-09-02,Apartment,1,1,1.0,
47,17 Carinya Street,Blacktown,1600000,2026-09-01,House,3,1,1.0,1182.0
48,1103/5 Second Avenue,Blacktown,420000,2026-09-01,Apartment,2,2,1.0,
49,38-38A Burrell Parade,Blacktown,1480000,2026-08-28,House,5,3,4.0,563.0
50,73/31 Third Avenue,Blacktown,452000,2026-08-26,Apartment,2,2,1.0,
51,39 Burke Street,Blacktown,1500000,2026-08-26,House,5,3,2.0,
52,19 Stephen Street,Blacktown,1062500,2026-08-26,House,3,1,1.0,575.0
53,7/45 Lyton Street,Blacktown,805000,2026-08-25,Townhouse,2,2,1.0,
54,6 Fringe Glade,Blacktown,790000,2026-08-24,Townhouse,2,2,1.0,126.0
55,903/5 Second Avenue,Blacktown,600000,2026-08-24,Apartment,3,2,2.0,179.0
56,13 Lancaster Street,Blacktown,1900000,2026-08-22,House,7,4,6.0,739.0
57,17/3-5 Bruce Street,Blacktown,481000,2026-08-21,Apartment,2,2,1.0,
58,79/21-29 Third Avenue,Blacktown,435000,2026-08-21,Apartment,2,2,1.0,122.0
59,6 Garden Street,Blacktown,1235000,2026-08-20,House,4,2,6.0,556.0
60,41/25 Mantaka Street,Blacktown,435000,2026-08-20,Apartment,2,1,1.0,84.0
61,41 Dagmar Crescent,Blacktown,880000,2026-08-18,House,3,1,2.0,569.0
62,94 Lancelot Street,Blacktown,950000,2026-08-18,House,3,1,1.0,562.0
63,69/25 Mantaka Street,Blacktown,419000,2026-08-17,Apartment,2,1,1.0,84.0
64,2/26 Fletcher Street,Bondi,1581000,2026-09-17,Apartment,2,1,,
65,7/28-30 Fletcher Street,Bondi,2450000,2026-09-15,Apartment,2,1,1.0,
66,1/13 Bennett Street,Bondi,1760000,2026-09-08,Apartment,2,1,1.0,
67,402/56A-62 Penkivil Street,Bondi,2300000,2026-09-07,Apartment,3,2,2.0,
68,5601/34 Wellington Street,Bondi,2600000,2026-09-01,Apartment,2,2,1.0,
69,8B Castlefield Street,Bondi,2750000,2026-08-25,Semi-detached,3,2,1.0,
70,6 Miller Street,Bondi,3500000,2026-08-15,House,3,2,3.0,
71,1 Miller Street,Bondi,5400000,2026-08-12,House,5,4,3.0,307.0
72,7/162 Bondi Road,Bondi,650000,2026-08-06,Apartment,1,1,,
73,3 Flood Street,Bondi,4001000,2026-06-15,House,5,2,1.0,392.0
74,5 Grove Street,Bondi,3850000,2026-06-10,House,4,2,1.0,
75,304/56A-62 Penkivil Street,Bondi,2065000,2026-06-10,Apartment,2,2,1.0,
76,6/36-38 Penkivil Street,Bondi,1735000,2026-06-05,Apartment,3,2,1.0,
77,38 Philip Street,Bondi,4260000,2026-06-02,House,3,2,,
78,3/10-12 Fletcher Street,Bondi,2000000,2026-06-02,Apartment,2,1,1.0,
79,5/9-11 Ocean Street North,Bondi,1445000,2026-05-26,Apartment,2,1,1.0,
80,17/22-28 Wellington Street,Bondi,1520000,2026-05-26,Apartment,2,1,1.0,
81,15/240-242 Bondi Road,Bondi,1450000,2026-05-22,Apartment,2,1,1.0,
82,14 Anglesea Street,Bondi,5416000,2026-05-19,House,6,4,1.0,415.0
83,13/164-166 Bondi Road,Bondi,713500,2026-05-01,Apartment,1,1,,
84,6101/32 Wellington Street,Bondi,1280000,2026-05-01,Apartment,1,1,1.0,
85,17/64 Penkivil Street,Bondi,2200000,2026-05-01,Apartment,3,2,1.0,
86,3/38 Flood Street,Bondi,1010000,2026-08-06,Apartment,2,1,,
87,7/18-20 Penkivil Street,Bondi,2350000,2026-06-18,Apartment,3,2,1.0,
88,7/17 Ocean Street North,Bondi,946000,2026-06-18,Apartment,1,1,,
89,13/7 Denham Street,Bondi,1530000,2026-06-16,Apartment,2,1,1.0,
90,9/27 Castlefield Street,Bondi,1520000,2026-06-16,Apartment,2,1,2.0,
91,118/13-15 Hassall Street,Parramatta,430000,2025-10-27,Apartment,1,1,,
92,806/1-3 Valentine Avenue,Parramatta,300000,2025-10-27,Apartment,1,1,,
93,100/459-463 Church Street,Parramatta,575000,2025-10-25,Apartment,2,2,1.0,125.0
94,336/2 Morton Street,Parramatta,700000,2025-10-24,Apartment,2,2,1.0,
95,231K/2 Morton Street,Parramatta,640000,2025-10-24,Apartment,2,2,1.0,99.0
96,172/13-15 Hassall Street,Parramatta,597000,2025-10-24,Apartment,2,2,1.0,110.0
97,7/276 Birrell Street,Bondi,1630000,2026-04-18,Apartment,2,1,1.0,
98,21/20 Edward Street,Bondi,1670000,2026-04-15,Apartment,2,1,1.0,
99,11/15 Wellington Street,Bondi,1400000,2026-04-14,Apartment,2,1,,
100,17/36-38 Penkivil Street,Bondi,2110000,2026-04-03,Apartment,3,2,1.0,156.0
